data_year,hid,pid,weight,dla_prob,rec_dla,scotland
2016,3310,120160331002,607,0.00017124184024054184,true,true
2015,16160,120151616003,754,0.00961768649052316,true,true
2018,6341,120180634102,664,0.00961768649052316,true,true
2015,2123,120150212303,806,0.012747092343790577,true,true
2016,14408,120161440802,638,0.03633242684544873,true,true
