data_year,hid,pid,weight,dla_prob,rec_dla,scotland
2016,3310,120160331002,607,0.00019497867163924834,true,true
2015,16160,120151616003,754,0.011195370946480808,true,true
2018,6341,120180634102,664,0.011195370946480808,true,true
2015,2123,120150212303,806,0.014539457016198317,true,true
2016,14408,120161440802,638,0.04052005758516725,true,true
